{
	"parent": "item/handheld",
	"textures": {
		"layer0": "items/diamond_axe"
	},
	"overrides": [
		{ "predicate": {"damaged": 1, "damage": 0}, "model": "item/diamond_axe"},
		{ "predicate": {"damaged": 0, "damage": 0.0006402048655569782}, "model": "hat/random/thaum"},
		{ "predicate": {"damaged": 0, "damage": 0.0012804097311139564}, "model": "hat/random/ember_goggles"},
		{ "predicate": {"damaged": 0, "damage": 0.0019206145966709346}, "model": "hat/random/jak_ear"},
		{ "predicate": {"damaged": 0, "damage": 0.002560819462227913}, "model": "hat/random/tophat"},
		{ "predicate": {"damaged": 0, "damage": 0.003201024327784891}, "model": "hat/random/sacred_ears"},
		{ "predicate": {"damaged": 0, "damage": 0.0038412291933418692}, "model": "hat/random/verytophat"},
		{ "predicate": {"damaged": 0, "damage": 0.004481434058898847}, "model": "hat/random/wizardhat"},
		{ "predicate": {"damaged": 0, "damage": 0.005121638924455826}, "model": "hat/random/pighat"},
		{ "predicate": {"damaged": 0, "damage": 0.005761843790012804}, "model": "hat/random/fez"},
		{ "predicate": {"damaged": 0, "damage": 0.006402048655569782}, "model": "hat/player/9"},
		{ "predicate": {"damaged": 0, "damage": 0.00704225352112676}, "model": "hat/player/10"},
		{ "predicate": {"damaged": 0, "damage": 0.0076824583866837385}, "model": "hat/player/11"},
		{ "predicate": {"damaged": 0, "damage": 0.008322663252240717}, "model": "hat/player/12"},
		{ "predicate": {"damaged": 0, "damage": 0.008962868117797694}, "model": "hat/player/13"},
		{ "predicate": {"damaged": 0, "damage": 0.009603072983354673}, "model": "hat/player/14"},
		{ "predicate": {"damaged": 0, "damage": 0.010243277848911651}, "model": "hat/player/15"},
		{ "predicate": {"damaged": 0, "damage": 0.01088348271446863}, "model": "hat/player/16"},
		{ "predicate": {"damaged": 0, "damage": 0.011523687580025609}, "model": "hat/player/17"},
		{ "predicate": {"damaged": 0, "damage": 0.012163892445582586}, "model": "hat/player/18"},
		{ "predicate": {"damaged": 0, "damage": 0.012804097311139564}, "model": "hat/player/19"},
		{ "predicate": {"damaged": 0, "damage": 0.013444302176696543}, "model": "hat/player/20"},
		{ "predicate": {"damaged": 0, "damage": 0.01408450704225352}, "model": "hat/player/21"},
		{ "predicate": {"damaged": 0, "damage": 0.014724711907810498}, "model": "hat/player/22"},
		{ "predicate": {"damaged": 0, "damage": 0.015364916773367477}, "model": "hat/player/23"},
		{ "predicate": {"damaged": 0, "damage": 0.016005121638924456}, "model": "hat/player/24"},
		{ "predicate": {"damaged": 0, "damage": 0.016645326504481434}, "model": "hat/player/25"},
		{ "predicate": {"damaged": 0, "damage": 0.017285531370038413}, "model": "hat/player/26"},
		{ "predicate": {"damaged": 0, "damage": 0.017925736235595388}, "model": "hat/player/27"},
		{ "predicate": {"damaged": 0, "damage": 0.018565941101152367}, "model": "hat/player/28"},
		{ "predicate": {"damaged": 0, "damage": 0.019206145966709345}, "model": "hat/player/29"},
		{ "predicate": {"damaged": 0, "damage": 0.019846350832266324}, "model": "hat/player/30"},
		{ "predicate": {"damaged": 0, "damage": 0.020486555697823303}, "model": "hat/player/31"},
		{ "predicate": {"damaged": 0, "damage": 0.02112676056338028}, "model": "hat/player/32"},
		{ "predicate": {"damaged": 0, "damage": 0.02176696542893726}, "model": "hat/player/33"},
		{ "predicate": {"damaged": 0, "damage": 0.02240717029449424}, "model": "hat/player/34"},
		{ "predicate": {"damaged": 0, "damage": 0.023047375160051217}, "model": "hat/player/35"},
		{ "predicate": {"damaged": 0, "damage": 0.023687580025608192}, "model": "hat/player/36"},
		{ "predicate": {"damaged": 0, "damage": 0.02432778489116517}, "model": "hat/player/37"},
		{ "predicate": {"damaged": 0, "damage": 0.02496798975672215}, "model": "hat/player/38"},
		{ "predicate": {"damaged": 0, "damage": 0.02560819462227913}, "model": "hat/player/39"},
		{ "predicate": {"damaged": 0, "damage": 0.026248399487836107}, "model": "hat/player/40"},
		{ "predicate": {"damaged": 1, "damage": 0.026888604353393086}, "model": "item/diamond_sword41"},
		{ "predicate": {"damaged": 1, "damage": 0.027528809218950064}, "model": "item/diamond_sword42"},
		{ "predicate": {"damaged": 1, "damage": 0.02816901408450704}, "model": "item/diamond_sword43"},
		{ "predicate": {"damaged": 1, "damage": 0.028809218950064018}, "model": "item/diamond_sword44"},
		{ "predicate": {"damaged": 1, "damage": 0.029449423815620997}, "model": "item/diamond_sword45"},
		{ "predicate": {"damaged": 1, "damage": 0.030089628681177975}, "model": "item/diamond_sword46"},
		{ "predicate": {"damaged": 1, "damage": 0.030729833546734954}, "model": "item/diamond_sword47"},
		{ "predicate": {"damaged": 1, "damage": 0.03137003841229193}, "model": "item/diamond_sword48"},
		{ "predicate": {"damaged": 1, "damage": 0.03201024327784891}, "model": "item/diamond_sword49"},
		{ "predicate": {"damaged": 1, "damage": 0.03265044814340589}, "model": "item/diamond_sword50"},
		{ "predicate": {"damaged": 1, "damage": 0.03329065300896287}, "model": "item/diamond_sword51"},
		{ "predicate": {"damaged": 1, "damage": 0.03393085787451985}, "model": "item/diamond_sword52"},
		{ "predicate": {"damaged": 1, "damage": 0.034571062740076826}, "model": "item/diamond_sword53"},
		{ "predicate": {"damaged": 1, "damage": 0.035211267605633804}, "model": "item/diamond_sword54"},
		{ "predicate": {"damaged": 1, "damage": 0.035851472471190776}, "model": "item/diamond_sword55"},
		{ "predicate": {"damaged": 1, "damage": 0.036491677336747755}, "model": "item/diamond_sword56"},
		{ "predicate": {"damaged": 1, "damage": 0.03713188220230473}, "model": "item/diamond_sword57"},
		{ "predicate": {"damaged": 1, "damage": 0.03777208706786171}, "model": "item/diamond_sword58"},
		{ "predicate": {"damaged": 1, "damage": 0.03841229193341869}, "model": "item/diamond_sword59"},
		{ "predicate": {"damaged": 1, "damage": 0.03905249679897567}, "model": "item/diamond_sword60"},
		{ "predicate": {"damaged": 1, "damage": 0.03969270166453265}, "model": "item/diamond_sword61"},
		{ "predicate": {"damaged": 1, "damage": 0.04033290653008963}, "model": "item/diamond_sword62"},
		{ "predicate": {"damaged": 1, "damage": 0.040973111395646605}, "model": "item/diamond_sword63"},
		{ "predicate": {"damaged": 1, "damage": 0.041613316261203584}, "model": "item/diamond_sword64"},
		{ "predicate": {"damaged": 1, "damage": 0.04225352112676056}, "model": "item/diamond_sword65"},
		{ "predicate": {"damaged": 1, "damage": 0.04289372599231754}, "model": "item/diamond_sword66"},
		{ "predicate": {"damaged": 1, "damage": 0.04353393085787452}, "model": "item/diamond_sword67"},
		{ "predicate": {"damaged": 1, "damage": 0.0441741357234315}, "model": "item/diamond_sword68"},
		{ "predicate": {"damaged": 1, "damage": 0.04481434058898848}, "model": "item/diamond_sword69"},
		{ "predicate": {"damaged": 1, "damage": 0.045454545454545456}, "model": "item/diamond_sword70"},
		{ "predicate": {"damaged": 1, "damage": 0.046094750320102434}, "model": "item/diamond_sword71"},
		{ "predicate": {"damaged": 1, "damage": 0.046734955185659406}, "model": "item/diamond_sword72"},
		{ "predicate": {"damaged": 1, "damage": 0.047375160051216385}, "model": "item/diamond_sword73"},
		{ "predicate": {"damaged": 1, "damage": 0.04801536491677336}, "model": "item/diamond_sword74"},
		{ "predicate": {"damaged": 1, "damage": 0.04865556978233034}, "model": "item/diamond_sword75"},
		{ "predicate": {"damaged": 1, "damage": 0.04929577464788732}, "model": "item/diamond_sword76"},
		{ "predicate": {"damaged": 1, "damage": 0.0499359795134443}, "model": "item/diamond_sword77"},
		{ "predicate": {"damaged": 1, "damage": 0.05057618437900128}, "model": "item/diamond_sword78"},
		{ "predicate": {"damaged": 1, "damage": 0.05121638924455826}, "model": "item/diamond_sword79"},
		{ "predicate": {"damaged": 1, "damage": 0.051856594110115235}, "model": "item/diamond_sword80"},
		{ "predicate": {"damaged": 1, "damage": 0.052496798975672214}, "model": "item/diamond_sword81"},
		{ "predicate": {"damaged": 1, "damage": 0.05313700384122919}, "model": "item/diamond_sword82"},
		{ "predicate": {"damaged": 1, "damage": 0.05377720870678617}, "model": "item/diamond_sword83"},
		{ "predicate": {"damaged": 1, "damage": 0.05441741357234315}, "model": "item/diamond_sword84"},
		{ "predicate": {"damaged": 1, "damage": 0.05505761843790013}, "model": "item/diamond_sword85"},
		{ "predicate": {"damaged": 1, "damage": 0.05569782330345711}, "model": "item/diamond_sword86"},
		{ "predicate": {"damaged": 1, "damage": 0.05633802816901408}, "model": "item/diamond_sword87"},
		{ "predicate": {"damaged": 1, "damage": 0.05697823303457106}, "model": "item/diamond_sword88"},
		{ "predicate": {"damaged": 1, "damage": 0.057618437900128036}, "model": "item/diamond_sword89"},
		{ "predicate": {"damaged": 1, "damage": 0.058258642765685015}, "model": "item/diamond_sword90"},
		{ "predicate": {"damaged": 1, "damage": 0.05889884763124199}, "model": "item/diamond_sword91"},
		{ "predicate": {"damaged": 1, "damage": 0.05953905249679897}, "model": "item/diamond_sword92"},
		{ "predicate": {"damaged": 1, "damage": 0.06017925736235595}, "model": "item/diamond_sword93"},
		{ "predicate": {"damaged": 1, "damage": 0.06081946222791293}, "model": "item/diamond_sword94"},
		{ "predicate": {"damaged": 1, "damage": 0.06145966709346991}, "model": "item/diamond_sword95"},
		{ "predicate": {"damaged": 1, "damage": 0.06209987195902689}, "model": "item/diamond_sword96"},
		{ "predicate": {"damaged": 1, "damage": 0.06274007682458387}, "model": "item/diamond_sword97"},
		{ "predicate": {"damaged": 1, "damage": 0.06338028169014084}, "model": "item/diamond_sword98"},
		{ "predicate": {"damaged": 1, "damage": 0.06402048655569782}, "model": "item/diamond_sword99"},
		{ "predicate": {"damaged": 1, "damage": 0.0646606914212548}, "model": "item/diamond_sword100"}
	]
}