{
	"credit": "Made with Blockbench",
	"textures": {
		"1": "hat/sacred_ears"
	},
	"elements": [
		{
			"from": [7, 1, 5],
			"to": [8.75, 3, 6],
			"faces": {
				"east": {"uv": [2, 1, 1, 3], "texture": "#1"},
				"west": {"uv": [1, 1, 0, 3], "texture": "#1"},
				"down": {"uv": [0, 4, 1, 3], "texture": "#1"}
			}
		},
		{
			"from": [7, 3, 5],
			"to": [9, 4, 6],
			"faces": {
				"north": {"uv": [2, 0, 1, 1], "texture": "#1"},
				"east": {"uv": [2, 0, 1, 1], "texture": "#1"},
				"south": {"uv": [2, 0, 1, 1], "texture": "#1"},
				"west": {"uv": [2, 0, 1, 1], "texture": "#1"},
				"up": {"uv": [1, 1, 2, 0], "texture": "#1"},
				"down": {"uv": [1, 1, 2, 0], "texture": "#1"}
			}
		},
		{
			"from": [7, 2.91, 4.79],
			"to": [9, 3.91, 6.2],
			"rotation": {"angle": -45, "axis": "x", "origin": [8, 2.5, 5.5]},
			"faces": {
				"north": {"uv": [0.25, 1.25, 0.75, 1.75], "texture": "#1"},
				"east": {"uv": [0.25, 1.25, 0.75, 1.75], "texture": "#1"},
				"south": {"uv": [0.25, 1.25, 0.75, 1.75], "texture": "#1"},
				"west": {"uv": [0.25, 1.25, 0.75, 1.75], "texture": "#1"},
				"up": {"uv": [0.25, 1.25, 0.75, 1.75], "texture": "#1"},
				"down": {"uv": [0.25, 1.25, 0.75, 1.75], "texture": "#1"}
			}
		},
		{
			"from": [7, 1.8, 5.91],
			"to": [9, 3.21, 6.91],
			"rotation": {"angle": -45, "axis": "x", "origin": [8, 2.5, 5.5]},
			"faces": {
				"north": {"uv": [0.25, 1.25, 0.75, 1.75], "texture": "#1"},
				"east": {"uv": [0.25, 1.25, 0.75, 1.75], "texture": "#1"},
				"south": {"uv": [0.25, 1.25, 0.75, 1.75], "texture": "#1"},
				"west": {"uv": [0.25, 1.25, 0.75, 1.75], "texture": "#1"},
				"up": {"uv": [0.25, 1.25, 0.75, 1.75], "texture": "#1"},
				"down": {"uv": [0.25, 1.25, 0.75, 1.75], "texture": "#1"}
			}
		},
		{
			"from": [7, 2, 6],
			"to": [9, 3, 7],
			"faces": {
				"north": {"uv": [0.25, 1.25, 0.75, 1.75], "texture": "#1"},
				"east": {"uv": [0.25, 1.25, 0.75, 1.75], "texture": "#1"},
				"south": {"uv": [0.25, 1.25, 0.75, 1.75], "texture": "#1"},
				"west": {"uv": [0.25, 1.25, 0.75, 1.75], "texture": "#1"},
				"up": {"uv": [0.25, 1.25, 0.75, 1.75], "texture": "#1"},
				"down": {"uv": [0.25, 1.25, 0.75, 1.75], "texture": "#1"}
			}
		},
		{
			"from": [7, 0, 4],
			"to": [9, 3, 5],
			"faces": {
				"north": {"uv": [0.25, 1, 0.75, 4], "texture": "#1"},
				"east": {"uv": [0.25, 1, 0.75, 4], "texture": "#1"},
				"south": {"uv": [0.25, 1, 0.75, 4], "texture": "#1"},
				"west": {"uv": [0.25, 1, 0.75, 4], "texture": "#1"},
				"up": {"uv": [0.25, 1.25, 0.75, 1.75], "texture": "#1"},
				"down": {"uv": [0.25, 3.25, 0.75, 3.75], "texture": "#1"}
			}
		},
		{
			"from": [7, 1, 10],
			"to": [8.75, 3, 11],
			"faces": {
				"east": {"uv": [1, 1, 2, 3], "texture": "#1"},
				"west": {"uv": [0, 1, 1, 3], "texture": "#1"},
				"down": {"uv": [0, 3, 1, 4], "texture": "#1"}
			}
		},
		{
			"from": [7, 3, 10],
			"to": [9, 4, 11],
			"faces": {
				"north": {"uv": [0.25, 1.25, 0.75, 1.75], "texture": "#1"},
				"east": {"uv": [0.25, 1.25, 0.75, 1.75], "texture": "#1"},
				"south": {"uv": [0.25, 1.25, 0.75, 1.75], "texture": "#1"},
				"west": {"uv": [0.25, 1.25, 0.75, 1.75], "texture": "#1"},
				"up": {"uv": [0.25, 1.25, 0.75, 1.75], "texture": "#1"},
				"down": {"uv": [0.25, 1.25, 0.75, 1.75], "texture": "#1"}
			}
		},
		{
			"from": [7, 2.91, 9.8],
			"to": [9, 3.91, 11.21],
			"rotation": {"angle": 45, "axis": "x", "origin": [8, 2.5, 10.5]},
			"faces": {
				"north": {"uv": [0.25, 1.25, 0.75, 1.75], "texture": "#1"},
				"east": {"uv": [0.25, 1.25, 0.75, 1.75], "texture": "#1"},
				"south": {"uv": [0.25, 1.25, 0.75, 1.75], "texture": "#1"},
				"west": {"uv": [0.25, 1.25, 0.75, 1.75], "texture": "#1"},
				"up": {"uv": [0.25, 1.25, 0.75, 1.75], "texture": "#1"},
				"down": {"uv": [0.25, 1.25, 0.75, 1.75], "texture": "#1"}
			}
		},
		{
			"from": [7, 1.8, 9.09],
			"to": [9, 3.21, 10.09],
			"rotation": {"angle": 45, "axis": "x", "origin": [8, 2.5, 10.5]},
			"faces": {
				"north": {"uv": [0.25, 1.25, 0.75, 1.75], "texture": "#1"},
				"east": {"uv": [0.25, 1.25, 0.75, 1.75], "texture": "#1"},
				"south": {"uv": [0.25, 1.25, 0.75, 1.75], "texture": "#1"},
				"west": {"uv": [0.25, 1.25, 0.75, 1.75], "texture": "#1"},
				"up": {"uv": [0.25, 1.25, 0.75, 1.75], "texture": "#1"},
				"down": {"uv": [0.25, 1.25, 0.75, 1.75], "texture": "#1"}
			}
		},
		{
			"from": [7, 2, 9],
			"to": [9, 3, 10],
			"faces": {
				"north": {"uv": [0.25, 1.25, 0.75, 1.75], "texture": "#1"},
				"east": {"uv": [0.25, 1.25, 0.75, 1.75], "texture": "#1"},
				"south": {"uv": [0.25, 1.25, 0.75, 1.75], "texture": "#1"},
				"west": {"uv": [0.25, 1.25, 0.75, 1.75], "texture": "#1"},
				"up": {"uv": [0.25, 1.25, 0.75, 1.75], "texture": "#1"},
				"down": {"uv": [0.25, 1.25, 0.75, 1.75], "texture": "#1"}
			}
		},
		{
			"from": [7, 0, 11],
			"to": [9, 3, 12],
			"faces": {
				"north": {"uv": [0.25, 1, 0.75, 4], "texture": "#1"},
				"east": {"uv": [0.25, 1, 0.75, 4], "texture": "#1"},
				"south": {"uv": [0.25, 1, 0.75, 4], "texture": "#1"},
				"west": {"uv": [0.25, 1, 0.75, 4], "texture": "#1"},
				"up": {"uv": [0.25, 1.25, 0.75, 1.75], "texture": "#1"},
				"down": {"uv": [0.25, 3.25, 0.75, 3.75], "texture": "#1"}
			}
		}
	],
	"display": {
		"head": {
			"scale": [1.81, 1.81, 1.81],
			"translation": [0, 15.5, -6.5],
			"rotation": [0, 90, 0]
		},
		"thirdperson_righthand": {
			"translation": [0, 0, 7],
			"rotation": [90, 0, 0]
		},
		"gui": {
			"rotation": [30, -135, 0],
			"scale": [0.8, 0.8, 0.8],
			"translation": [0, 0.5, 0]
		},
		"firstperson_lefthand": {
			"translation": [0, 6, 0]
		},
		"firstperson_righthand": {
			"translation": [0, 6, 0]
		},
		"thirdperson_lefthand": {
			"rotation": [90, 0, 0],
			"translation": [0, 0, 7]
		},
		"ground": {
			"translation": [0, 3, 0]
		}
	},
	"groups": [
		{
			"name": "group",
			"isOpen": true,
			"export": true,
			"visibility": true,
			"children": [0, 1, 2, 3, 4, 5]
		},
		{
			"name": "group",
			"isOpen": true,
			"export": true,
			"visibility": true,
			"children": [6, 7, 8, 9, 10, 11]
		}
	]
}