{
	"credit": "Made with Blockbench",
	"textures": {
		"0": "hat/wizardhat",
		"particle": "hat/wizardhat"
	},
	"elements": [
		{
			"from": [3, 3, 3],
			"to": [13, 5, 13],
			"faces": {
				"north": {"uv": [0, 0, 10, 2], "texture": "#0"},
				"east": {"uv": [0, 0, 10, 2], "texture": "#0"},
				"south": {"uv": [0, 0, 10, 2], "texture": "#0"},
				"west": {"uv": [0, 0, 10, 2], "texture": "#0"},
				"up": {"uv": [0, 0, 10, 10], "texture": "#0"},
				"down": {"uv": [0, 0, 10, 10], "texture": "#0"}
			}
		},
		{
			"from": [4.5, 3, 4],
			"to": [11.5, 8.5, 11],
			"rotation": {"angle": 22.5, "axis": "x", "origin": [8, 4, 8.5]},
			"faces": {
				"north": {"uv": [0, 0, 7, 5.5], "texture": "#0"},
				"east": {"uv": [0, 0, 7, 5.5], "texture": "#0"},
				"south": {"uv": [0, 2, 7, 7.5], "texture": "#0"},
				"west": {"uv": [0, 0, 7, 5.5], "texture": "#0"},
				"up": {"uv": [0, 0, 7, 7], "texture": "#0"},
				"down": {"uv": [0, 0, 7, 7], "texture": "#0"}
			}
		},
		{
			"from": [5.5, 6.5, 3.25],
			"to": [10.5, 12, 8.25],
			"rotation": {"angle": 45, "axis": "x", "origin": [8, 4, 8.5]},
			"faces": {
				"north": {"uv": [4, 3, 9, 8.5], "texture": "#0"},
				"east": {"uv": [0, 0, 5, 5.5], "texture": "#0"},
				"south": {"uv": [6, 6, 11, 11.5], "texture": "#0"},
				"west": {"uv": [0, 0, 5, 5.5], "texture": "#0"},
				"up": {"uv": [0, 0, 5, 5], "texture": "#0"},
				"down": {"uv": [0, 0, 10, 10], "texture": "#0"}
			}
		},
		{
			"from": [6.5, 8.25, 14.125],
			"to": [9.5, 11.25, 17.125],
			"rotation": {"angle": -22.5, "axis": "x", "origin": [8, 4, 8.5]},
			"faces": {
				"north": {"uv": [0, 0, 3, 3], "rotation": 180, "texture": "#0"},
				"east": {"uv": [0, 0, 3, 3], "rotation": 270, "texture": "#0"},
				"south": {"uv": [0, 0, 6, 6], "texture": "#0"},
				"west": {"uv": [0, 0, 3, 3], "rotation": 90, "texture": "#0"},
				"up": {"uv": [0, 0, 3, 3], "rotation": 180, "texture": "#0"},
				"down": {"uv": [0, 0, 3, 3], "texture": "#0"}
			}
		},
		{
			"from": [7, 11.625, 13.625],
			"to": [9, 13.625, 15.625],
			"faces": {
				"north": {"uv": [0, 0, 2, 2], "rotation": 180, "texture": "#0"},
				"east": {"uv": [0, 0, 4, 4], "rotation": 270, "texture": "#0"},
				"south": {"uv": [0, 0, 4, 4], "texture": "#0"},
				"west": {"uv": [0, 0, 2, 2], "rotation": 90, "texture": "#0"},
				"up": {"uv": [0, 0, 2, 2], "rotation": 180, "texture": "#0"},
				"down": {"uv": [0, 0, 4, 4], "texture": "#0"}
			}
		}
	],
	"display": {
		"head": {
			"scale": [1.7, 1.7, 1.7],
			"translation": [0, 12, 0]
		},
		"fixed": {
			"rotation": [0, 90, 0]
		},
		"gui": {
			"rotation": [30, 135, 0],
			"translation": [0, 0, 0]
		}
	}
}