{
	"credit": "Made with Blockbench",
	"textures": {
		"0": "hat/0",
		"particle": "hat/0"
	},
	"elements": [
		{
			"from": [5, 1, 5],
			"to": [11, 8, 11],
			"faces": {
				"north": {"uv": [10, 9, 16, 16], "texture": "#0"},
				"east": {"uv": [10, 9, 16, 16], "texture": "#0"},
				"south": {"uv": [10, 9, 16, 16], "texture": "#0"},
				"west": {"uv": [10, 9, 16, 16], "texture": "#0"},
				"up": {"uv": [10, 0, 16, 6], "texture": "#0"}
			}
		},
		{
			"from": [3, 0, 3],
			"to": [13, 1, 13],
			"faces": {
				"north": {"uv": [0, 0, 10, 1], "texture": "#0"},
				"east": {"uv": [0, 0, 10, 1], "texture": "#0"},
				"south": {"uv": [0, 0, 10, 1], "texture": "#0"},
				"west": {"uv": [0, 0, 10, 1], "texture": "#0"},
				"up": {"uv": [0, 0, 10, 10], "texture": "#0"},
				"down": {"uv": [0, 0, 10, 10], "texture": "#0"}
			}
		}
	],
	"display": {
		"head": {
			"scale": [2, 2, 2],
			"translation": [0, 20.5, 0]
		}
	}
}