{
	"credit": "Made with Blockbench",
	"textures": {
		"0": "hat/2",
		"particle": "hat/2"
	},
	"elements": [
		{
			"from": [4, 0, 7],
			"to": [7, 6, 9],
			"faces": {
				"north": {"uv": [7, 2, 10, 8], "texture": "#0"},
				"east": {"uv": [0, 2, 2, 8], "texture": "#0"},
				"south": {"uv": [2, 2, 5, 8], "texture": "#0"},
				"west": {"uv": [0, 2, 2, 8], "texture": "#0"},
				"up": {"uv": [2, 0, 5, 2], "texture": "#0"},
				"down": {"uv": [2, 8, 5, 10], "texture": "#0"}
			}
		},
		{
			"from": [9, 0, 7],
			"to": [12, 6, 9],
			"faces": {
				"north": {"uv": [7, 2, 10, 8], "texture": "#0"},
				"east": {"uv": [0, 2, 2, 8], "texture": "#0"},
				"south": {"uv": [2, 2, 5, 8], "texture": "#0"},
				"west": {"uv": [0, 2, 2, 8], "texture": "#0"},
				"up": {"uv": [2, 0, 5, 2], "texture": "#0"},
				"down": {"uv": [2, 8, 5, 10], "texture": "#0"}
			}
		},
		{
			"from": [13, 0, 7.5],
			"to": [14, 2, 8.5],
			"rotation": {"angle": -22.5, "axis": "z", "origin": [8, 7, 8]},
			"faces": {
				"north": {"uv": [0, 15, 1, 16], "texture": "#0"},
				"east": {"uv": [0, 15, 1, 16], "texture": "#0"},
				"south": {"uv": [0, 15, 1, 16], "texture": "#0"},
				"west": {"uv": [0, 15, 1, 16], "texture": "#0"},
				"up": {"uv": [0, 15, 1, 16], "texture": "#0"},
				"down": {"uv": [0, 15, 1, 16], "texture": "#0"}
			}
		},
		{
			"from": [2, 0, 7.5],
			"to": [3, 2, 8.5],
			"rotation": {"angle": 22.5, "axis": "z", "origin": [8, 7, 8]},
			"faces": {
				"north": {"uv": [0, 15, 1, 16], "rotation": 90, "texture": "#0"},
				"east": {"uv": [0, 15, 1, 16], "rotation": 90, "texture": "#0"},
				"south": {"uv": [0, 15, 1, 16], "rotation": 90, "texture": "#0"},
				"west": {"uv": [0, 15, 1, 16], "rotation": 90, "texture": "#0"},
				"up": {"uv": [0, 15, 1, 16], "rotation": 90, "texture": "#0"},
				"down": {"uv": [0, 15, 1, 16], "rotation": 90, "texture": "#0"}
			}
		},
		{
			"from": [7, 0, 7.5],
			"to": [9, 1, 8.5],
			"faces": {
				"north": {"uv": [0, 15, 2, 16], "texture": "#0"},
				"south": {"uv": [0, 15, 2, 16], "texture": "#0"},
				"up": {"uv": [0, 15, 2, 16], "texture": "#0"},
				"down": {"uv": [0, 15, 2, 16], "texture": "#0"}
			}
		}
	],
	"display": {
		"head": {
			"scale": [1.8, 1.8, 1.075],
			"translation": [0, 19.5, 0],
			"rotation": [0, 180, 0]
		}
	}
}