{
	"credit": "Made with Blockbench",
	"textures": {
		"1": "hat/5"
	},
	"elements": [
		{
			"from": [12, 0, 10],
			"to": [13, 8, 11],
			"faces": {
				"north": {"uv": [0, 8, 1, 16], "texture": "#1"},
				"east": {"uv": [0, 8, 1, 16], "texture": "#1"},
				"south": {"uv": [0, 8, 1, 16], "texture": "#1"},
				"west": {"uv": [0, 8, 1, 16], "texture": "#1"},
				"up": {"uv": [0, 8, 1, 16], "texture": "#1"},
				"down": {"uv": [0, 8, 1, 16], "texture": "#1"}
			}
		},
		{
			"from": [3, 0, 7.5],
			"to": [4, 8, 8.5],
			"faces": {
				"north": {"uv": [0, 8, 1, 16], "texture": "#1"},
				"east": {"uv": [0, 8, 1, 16], "texture": "#1"},
				"south": {"uv": [0, 8, 1, 16], "texture": "#1"},
				"west": {"uv": [0, 8, 1, 16], "texture": "#1"},
				"up": {"uv": [0, 8, 1, 16], "texture": "#1"},
				"down": {"uv": [0, 8, 1, 16], "texture": "#1"}
			}
		},
		{
			"from": [12, 0, 7.5],
			"to": [13, 8, 8.5],
			"faces": {
				"north": {"uv": [0, 8, 1, 16], "texture": "#1"},
				"east": {"uv": [0, 8, 1, 16], "texture": "#1"},
				"south": {"uv": [0, 8, 1, 16], "texture": "#1"},
				"west": {"uv": [0, 8, 1, 16], "texture": "#1"},
				"up": {"uv": [0, 8, 1, 16], "texture": "#1"},
				"down": {"uv": [0, 8, 1, 16], "texture": "#1"}
			}
		},
		{
			"from": [3, 0, 10],
			"to": [4, 8, 11],
			"faces": {
				"north": {"uv": [0, 8, 1, 16], "texture": "#1"},
				"east": {"uv": [0, 8, 1, 16], "texture": "#1"},
				"south": {"uv": [0, 8, 1, 16], "texture": "#1"},
				"west": {"uv": [0, 8, 1, 16], "texture": "#1"},
				"up": {"uv": [0, 8, 1, 16], "texture": "#1"},
				"down": {"uv": [0, 8, 1, 16], "texture": "#1"}
			}
		},
		{
			"from": [4, 0, 4],
			"to": [12, 8, 12],
			"faces": {
				"north": {"uv": [0, 0, 8, 8], "texture": "#1"},
				"east": {"uv": [8, 0, 16, 8], "texture": "#1"},
				"south": {"uv": [8, 0, 16, 8], "texture": "#1"},
				"west": {"uv": [8, 0, 16, 8], "texture": "#1"},
				"up": {"uv": [8, 0, 16, 8], "texture": "#1"},
				"down": {"uv": [8, 0, 16, 8], "texture": "#1"}
			}
		},
		{
			"from": [3, 0, 5],
			"to": [4, 8, 6],
			"faces": {
				"north": {"uv": [0, 8, 1, 16], "texture": "#1"},
				"east": {"uv": [0, 8, 1, 16], "texture": "#1"},
				"south": {"uv": [0, 8, 1, 16], "texture": "#1"},
				"west": {"uv": [0, 8, 1, 16], "texture": "#1"},
				"up": {"uv": [0, 8, 1, 16], "texture": "#1"},
				"down": {"uv": [0, 8, 1, 16], "texture": "#1"}
			}
		},
		{
			"from": [4, 7, 3],
			"to": [12, 8, 4],
			"faces": {
				"north": {"uv": [0, 8, 1, 16], "rotation": 90, "texture": "#1"},
				"east": {"uv": [0, 8, 1, 16], "rotation": 270, "texture": "#1"},
				"south": {"uv": [0, 8, 1, 16], "rotation": 270, "texture": "#1"},
				"west": {"uv": [0, 8, 1, 16], "rotation": 90, "texture": "#1"},
				"up": {"uv": [0, 8, 1, 16], "rotation": 270, "texture": "#1"},
				"down": {"uv": [0, 8, 1, 16], "rotation": 270, "texture": "#1"}
			}
		},
		{
			"from": [4, 8, 5],
			"to": [12, 9, 6],
			"faces": {
				"north": {"uv": [0, 8, 1, 16], "rotation": 90, "texture": "#1"},
				"east": {"uv": [0, 8, 1, 16], "rotation": 270, "texture": "#1"},
				"south": {"uv": [0, 8, 1, 16], "rotation": 270, "texture": "#1"},
				"west": {"uv": [0, 8, 1, 16], "rotation": 90, "texture": "#1"},
				"up": {"uv": [0, 8, 1, 16], "rotation": 270, "texture": "#1"},
				"down": {"uv": [0, 8, 1, 16], "rotation": 270, "texture": "#1"}
			}
		},
		{
			"from": [4, 8, 7.5],
			"to": [12, 9, 8.5],
			"faces": {
				"north": {"uv": [0, 8, 1, 16], "rotation": 90, "texture": "#1"},
				"east": {"uv": [0, 8, 1, 16], "rotation": 270, "texture": "#1"},
				"south": {"uv": [0, 8, 1, 16], "rotation": 270, "texture": "#1"},
				"west": {"uv": [0, 8, 1, 16], "rotation": 90, "texture": "#1"},
				"up": {"uv": [0, 8, 1, 16], "rotation": 270, "texture": "#1"},
				"down": {"uv": [0, 8, 1, 16], "rotation": 270, "texture": "#1"}
			}
		},
		{
			"from": [4, 8, 10],
			"to": [12, 9, 11],
			"faces": {
				"north": {"uv": [0, 8, 1, 16], "rotation": 90, "texture": "#1"},
				"east": {"uv": [0, 8, 1, 16], "rotation": 270, "texture": "#1"},
				"south": {"uv": [0, 8, 1, 16], "rotation": 270, "texture": "#1"},
				"west": {"uv": [0, 8, 1, 16], "rotation": 90, "texture": "#1"},
				"up": {"uv": [0, 8, 1, 16], "rotation": 270, "texture": "#1"},
				"down": {"uv": [0, 8, 1, 16], "rotation": 270, "texture": "#1"}
			}
		},
		{
			"from": [12, 0, 5],
			"to": [13, 8, 6],
			"faces": {
				"north": {"uv": [0, 8, 1, 16], "texture": "#1"},
				"east": {"uv": [0, 8, 1, 16], "texture": "#1"},
				"south": {"uv": [0, 8, 1, 16], "texture": "#1"},
				"west": {"uv": [0, 8, 1, 16], "texture": "#1"},
				"up": {"uv": [0, 8, 1, 16], "texture": "#1"},
				"down": {"uv": [0, 8, 1, 16], "texture": "#1"}
			}
		}
	],
	"display": {
		"head": {
			"scale": [2, 2, 2],
			"translation": [0, 6.5, 0],
			"rotation": [0, 0, 0]
		}
	}
}