{
	"credit": "Made with Blockbench",
	"textures": {
		"1": "hat/6"
	},
	"elements": [
		{
			"from": [3.5, 8, 5],
			"to": [7.5, 9, 6],
			"faces": {
				"north": {"uv": [5, 0, 9, 1], "texture": "#1"},
				"east": {"uv": [5, 0, 6, 1], "rotation": 90, "texture": "#1"},
				"south": {"uv": [5, 0, 9, 1], "rotation": 180, "texture": "#1"},
				"west": {"uv": [8, 0, 9, 1], "rotation": 90, "texture": "#1"},
				"up": {"uv": [5, 0, 9, 1], "rotation": 180, "texture": "#1"},
				"down": {"uv": [5, 0, 9, 1], "rotation": 180, "texture": "#1"}
			}
		},
		{
			"from": [8.5, 6, 5],
			"to": [9.5, 8, 6],
			"faces": {
				"north": {"uv": [3, 1, 4, 3], "texture": "#1"},
				"east": {"uv": [3, 1, 4, 3], "texture": "#1"},
				"south": {"uv": [3, 1, 4, 3], "texture": "#1"},
				"west": {"uv": [3, 1, 4, 3], "texture": "#1"}
			}
		},
		{
			"from": [3.5, 6, 5],
			"to": [4.5, 8, 6],
			"faces": {
				"north": {"uv": [8, 1, 9, 3], "texture": "#1"},
				"east": {"uv": [8, 1, 9, 3], "texture": "#1"},
				"south": {"uv": [8, 1, 9, 3], "texture": "#1"},
				"west": {"uv": [8, 1, 9, 3], "texture": "#1"}
			}
		},
		{
			"from": [7.5, 7, 5],
			"to": [8.5, 8, 6],
			"faces": {
				"north": {"uv": [4, 2, 5, 3], "texture": "#1"},
				"south": {"uv": [4, 2, 5, 3], "rotation": 180, "texture": "#1"},
				"up": {"uv": [4, 2, 5, 3], "rotation": 180, "texture": "#1"},
				"down": {"uv": [4, 2, 5, 3], "rotation": 180, "texture": "#1"}
			}
		},
		{
			"from": [6.5, 6, 5],
			"to": [7.5, 8, 6],
			"faces": {
				"north": {"uv": [5, 1, 6, 3], "texture": "#1"},
				"east": {"uv": [5, 1, 6, 3], "texture": "#1"},
				"south": {"uv": [5, 1, 6, 3], "texture": "#1"},
				"west": {"uv": [5, 1, 6, 3], "texture": "#1"}
			}
		},
		{
			"from": [11.5, 6, 5],
			"to": [12.5, 8, 6],
			"faces": {
				"north": {"uv": [0, 1, 1, 3], "texture": "#1"},
				"east": {"uv": [0, 1, 1, 3], "texture": "#1"},
				"south": {"uv": [0, 1, 1, 3], "rotation": 180, "texture": "#1"},
				"west": {"uv": [0, 1, 1, 3], "texture": "#1"}
			}
		},
		{
			"from": [3.75, 6, 6],
			"to": [4.25, 7, 14],
			"faces": {
				"east": {"uv": [0, 4, 8, 5], "texture": "#1"},
				"west": {"uv": [0, 4, 8, 5], "texture": "#1"},
				"up": {"uv": [0, 4, 8, 5], "rotation": 90, "texture": "#1"},
				"down": {"uv": [0, 4, 8, 5], "rotation": 270, "texture": "#1"}
			}
		},
		{
			"from": [11.75, 6, 6],
			"to": [12.25, 7, 14],
			"faces": {
				"east": {"uv": [0, 4, 8, 5], "texture": "#1"},
				"west": {"uv": [0, 4, 8, 5], "texture": "#1"},
				"up": {"uv": [0, 4, 8, 5], "rotation": 90, "texture": "#1"},
				"down": {"uv": [0, 4, 8, 5], "rotation": 270, "texture": "#1"}
			}
		},
		{
			"from": [8.5, 5, 5],
			"to": [12.5, 6, 6],
			"faces": {
				"north": {"uv": [0, 3, 4, 4], "texture": "#1"},
				"east": {"uv": [0, 3, 1, 4], "rotation": 90, "texture": "#1"},
				"south": {"uv": [0, 3, 4, 4], "rotation": 180, "texture": "#1"},
				"west": {"uv": [3, 3, 4, 4], "rotation": 90, "texture": "#1"},
				"up": {"uv": [0, 3, 4, 4], "rotation": 180, "texture": "#1"},
				"down": {"uv": [0, 3, 4, 4], "rotation": 180, "texture": "#1"}
			}
		},
		{
			"from": [3.75, 6, 14],
			"to": [12.25, 7, 14.5],
			"faces": {
				"north": {"uv": [0, 4, 9, 5], "rotation": 180, "texture": "#1"},
				"east": {"uv": [0, 4, 1, 5], "rotation": 180, "texture": "#1"},
				"south": {"uv": [0, 4, 9, 5], "rotation": 180, "texture": "#1"},
				"west": {"uv": [0, 4, 1, 5], "rotation": 180, "texture": "#1"},
				"up": {"uv": [0, 4, 9, 5], "rotation": 180, "texture": "#1"},
				"down": {"uv": [0, 4, 9, 5], "rotation": 180, "texture": "#1"}
			}
		},
		{
			"from": [3.5, 5, 5],
			"to": [7.5, 6, 6],
			"faces": {
				"north": {"uv": [5, 3, 9, 4], "texture": "#1"},
				"east": {"uv": [5, 3, 6, 4], "rotation": 90, "texture": "#1"},
				"south": {"uv": [5, 3, 9, 4], "rotation": 180, "texture": "#1"},
				"west": {"uv": [8, 3, 9, 4], "rotation": 90, "texture": "#1"},
				"up": {"uv": [5, 3, 9, 4], "rotation": 180, "texture": "#1"},
				"down": {"uv": [5, 3, 9, 4], "rotation": 180, "texture": "#1"}
			}
		},
		{
			"from": [8.5, 8, 5],
			"to": [12.5, 9, 6],
			"faces": {
				"north": {"uv": [0, 0, 4, 1], "texture": "#1"},
				"east": {"uv": [0, 0, 1, 1], "rotation": 90, "texture": "#1"},
				"south": {"uv": [0, 0, 4, 1], "rotation": 180, "texture": "#1"},
				"west": {"uv": [3, 0, 4, 1], "rotation": 90, "texture": "#1"},
				"up": {"uv": [0, 0, 4, 1], "rotation": 180, "texture": "#1"},
				"down": {"uv": [0, 0, 4, 1], "rotation": 180, "texture": "#1"}
			}
		}
	],
	"display": {
		"head": {
			"scale": [1.6, 1.6, 1.6],
			"translation": [0, 5.5, -3.5],
			"rotation": [0, 0, 0]
		}
	}
}