{
	"credit": "Made with Blockbench",
	"textures": {
		"1": "hat/7"
	},
	"elements": [
		{
			"from": [6, 1, 7],
			"to": [10, 6, 9],
			"faces": {
				"north": {"uv": [7.5, 10, 9.5, 12.5], "texture": "#1"},
				"east": {"uv": [6, 10, 7, 12.5], "texture": "#1"},
				"south": {"uv": [4, 10, 6, 12.5], "texture": "#1"},
				"west": {"uv": [7.5, 10, 8.5, 12.5], "texture": "#1"},
				"up": {"uv": [7.5, 10, 9.5, 13], "texture": "#1"},
				"down": {"uv": [7.5, 10, 9.5, 13], "texture": "#1"}
			}
		},
		{
			"from": [5, 1, 11],
			"to": [7, 4, 13],
			"rotation": {"angle": 45, "axis": "x", "origin": [7, 8, 8]},
			"faces": {
				"north": {"uv": [3, 11.5, 4, 13], "texture": "#1"},
				"east": {"uv": [1.5, 11.5, 2.5, 13], "texture": "#1"},
				"south": {"uv": [1.5, 13, 2.5, 14.5], "texture": "#1"},
				"west": {"uv": [4, 10, 5, 11.5], "texture": "#1"},
				"up": {"uv": [1.5, 10, 2.5, 11], "texture": "#1"},
				"down": {"uv": [2.5, 12, 3.5, 13], "texture": "#1"}
			}
		},
		{
			"from": [8.9, 0, 6],
			"to": [10.9, 3, 8],
			"rotation": {"angle": -22.5, "axis": "x", "origin": [7, 8, 8]},
			"faces": {
				"north": {"uv": [3, 11.5, 4, 13], "texture": "#1"},
				"east": {"uv": [1.5, 11.5, 2.5, 13], "texture": "#1"},
				"south": {"uv": [1.5, 13, 2.5, 14.5], "texture": "#1"},
				"west": {"uv": [4, 10, 5, 11.5], "texture": "#1"},
				"up": {"uv": [1.5, 10, 2.5, 11], "texture": "#1"},
				"down": {"uv": [2.5, 12, 3.5, 13], "texture": "#1"}
			}
		},
		{
			"from": [5.1, 0, 6],
			"to": [7.1, 3, 8],
			"rotation": {"angle": -22.5, "axis": "x", "origin": [7, 8, 8]},
			"faces": {
				"north": {"uv": [3, 11.5, 4, 13], "texture": "#1"},
				"east": {"uv": [1.5, 11.5, 2.5, 13], "texture": "#1"},
				"south": {"uv": [1.5, 13, 2.5, 14.5], "texture": "#1"},
				"west": {"uv": [4, 10, 5, 11.5], "texture": "#1"},
				"up": {"uv": [1.5, 10, 2.5, 11], "texture": "#1"},
				"down": {"uv": [2.5, 12, 3.5, 13], "texture": "#1"}
			}
		},
		{
			"from": [9, 1, 11],
			"to": [11, 4, 13],
			"rotation": {"angle": 45, "axis": "x", "origin": [7, 8, 8]},
			"faces": {
				"north": {"uv": [3, 11.5, 4, 13], "texture": "#1"},
				"east": {"uv": [1.5, 11.5, 2.5, 13], "texture": "#1"},
				"south": {"uv": [1.5, 13, 2.5, 14.5], "texture": "#1"},
				"west": {"uv": [4, 10, 5, 11.5], "texture": "#1"},
				"up": {"uv": [1.5, 10, 2.5, 11], "texture": "#1"},
				"down": {"uv": [2.5, 12, 3.5, 13], "texture": "#1"}
			}
		},
		{
			"from": [4, 6, 4],
			"to": [12, 14, 12],
			"faces": {
				"north": {"uv": [4, 4, 8, 8], "texture": "#1"},
				"east": {"uv": [0, 4, 4, 8], "texture": "#1"},
				"south": {"uv": [12, 4, 16, 8], "texture": "#1"},
				"west": {"uv": [8, 4, 12, 8], "texture": "#1"},
				"up": {"uv": [4, 0, 8, 4], "texture": "#1"},
				"down": {"uv": [8, 0, 12, 4], "texture": "#1"}
			}
		}
	],
	"display": {
		"head": {
			"scale": [1.5, 1.5, 1.5],
			"translation": [0, 17.5, 0],
			"rotation": [0, 0, 0]
		}
	}
}