{
	"credit": "Made with Blockbench",
	"textures": {
		"1": "hat/9_b",
		"2": "hat/9",
		"particle": "hat/9_b"
	},
	"elements": [
		{
			"name": "left",
			"from": [10, 1, 8],
			"to": [11.9, 7, 10],
			"rotation": {"angle": 22.5, "axis": "x", "origin": [8, 8, 8]},
			"faces": {
				"north": {"uv": [8, 9, 9, 12], "texture": "#2"},
				"east": {"uv": [7, 9, 8, 12], "texture": "#2"},
				"south": {"uv": [10, 9, 11, 12], "texture": "#2"},
				"west": {"uv": [9, 9, 10, 12], "texture": "#2"},
				"up": {"uv": [8, 8, 9, 9], "texture": "#2"},
				"down": {"uv": [9, 8, 10, 9], "texture": "#2"}
			}
		},
		{
			"name": "right",
			"from": [4.1, 1, 8],
			"to": [6, 7, 10],
			"rotation": {"angle": 22.5, "axis": "x", "origin": [8, 8, 8]},
			"faces": {
				"north": {"uv": [13, 9, 14, 12], "texture": "#2"},
				"east": {"uv": [14, 9, 15, 12], "texture": "#2"},
				"south": {"uv": [15, 9, 16, 12], "texture": "#2"},
				"west": {"uv": [14, 9, 15, 12], "texture": "#2"},
				"up": {"uv": [13, 8, 14, 9], "texture": "#2"},
				"down": {"uv": [14, 8, 15, 9], "texture": "#2"}
			}
		},
		{
			"name": "leg_right",
			"from": [5.75, 0, 4],
			"to": [7.75, 2, 7],
			"faces": {
				"north": {"uv": [14, 12, 15, 13], "texture": "#2"},
				"east": {"uv": [12, 14.5, 13, 16], "rotation": 270, "texture": "#2"},
				"south": {"uv": [13, 12, 14, 13], "texture": "#2"},
				"west": {"uv": [14, 14.5, 15, 16], "rotation": 90, "texture": "#2"},
				"up": {"uv": [13, 14, 14, 16], "rotation": 180, "texture": "#2"},
				"down": {"uv": [15, 14.5, 16, 16], "texture": "#2"}
			}
		},
		{
			"name": "leg_left",
			"from": [8.25, 0, 4],
			"to": [10.25, 2, 7],
			"faces": {
				"north": {"uv": [9, 12, 10, 13], "texture": "#2"},
				"east": {"uv": [7, 14.5, 8, 16], "rotation": 270, "texture": "#2"},
				"south": {"uv": [8, 12, 9, 13], "texture": "#2"},
				"west": {"uv": [9, 14.5, 10, 16], "rotation": 90, "texture": "#2"},
				"up": {"uv": [8, 14, 9, 16], "rotation": 180, "texture": "#2"},
				"down": {"uv": [10, 14.5, 11, 16], "texture": "#2"}
			}
		},
		{
			"name": "body",
			"from": [6, 0, 7],
			"to": [10, 6, 9],
			"faces": {
				"north": {"uv": [1, 9, 3, 12], "texture": "#2"},
				"east": {"uv": [0, 9, 1, 12], "texture": "#2"},
				"south": {"uv": [4, 9, 6, 12], "texture": "#2"},
				"west": {"uv": [3, 9, 4, 12], "texture": "#2"},
				"up": {"uv": [1, 8, 3, 9], "texture": "#2"},
				"down": {"uv": [4, 8, 6, 9], "texture": "#2"}
			}
		},
		{
			"from": [3.5, 4.5, 3.5],
			"to": [12.5, 13.5, 12.5],
			"faces": {
				"north": {"uv": [4, 4, 8, 8], "texture": "#1"},
				"east": {"uv": [0, 4, 4, 8], "texture": "#1"},
				"south": {"uv": [12, 4, 16, 8], "texture": "#1"},
				"west": {"uv": [8, 4, 12, 8], "texture": "#1"},
				"up": {"uv": [4, 0, 8, 4], "rotation": 180, "texture": "#1"},
				"down": {"uv": [8, 0, 12, 4], "texture": "#1"}
			}
		},
		{
			"from": [4, 5, 4],
			"to": [12, 13, 12],
			"faces": {
				"north": {"uv": [4, 4, 8, 8], "texture": "#2"},
				"east": {"uv": [0, 4, 4, 8], "texture": "#2"},
				"south": {"uv": [12, 4, 16, 8], "texture": "#2"},
				"west": {"uv": [8, 4, 12, 8], "texture": "#2"},
				"up": {"uv": [4, 0, 8, 4], "rotation": 180, "texture": "#2"},
				"down": {"uv": [8, 0, 12, 4], "texture": "#2"}
			}
		}
	],
	"display": {
		"head": {
			"scale": [1.4, 1.4, 1.4],
			"translation": [0, 17.5, 0],
			"rotation": [0, 0, 0]
		},
		"gui": {
			"translation": [0, 1, 0],
			"rotation": [45, 135, 0]
		}
	}
}